Ahmedabad,Amritsar,981
Ahmedabad,Aurangabad,451
Ahmedabad,Bagdogra,1641
Ahmedabad,Bengaluru,1232
Ahmedabad,Bhopal,495
Ahmedabad,Chennai,1368
Ahmedabad,Dehradun,975
Ahmedabad,Delhi,778
Ahmedabad,Goa,864
Ahmedabad,Guwahati,1971
Ahmedabad,Hyderabad,879
Ahmedabad,Jabalpur,755
Ahmedabad,Jaipur,541
Ahmedabad,Jodhpur,366
Ahmedabad,Kanpur,871
Ahmedabad,Kolkata,1620
Ahmedabad,Mumbai,438
Ahmedabad,Patna,1304
Ahmedabad,Pune,516
Ahmedabad,Srinagar,1244
Ahmedabad,Udaipur,206
Ahmedabad,Varanasi,1090
Amritsar,Dehradun,336
Amritsar,Delhi,401
Amritsar,Goa,1805
Amritsar,Jaipur,531
Amritsar,Mumbai,1406
Amritsar,Patna,1203
Aurangabad,Bengaluru,801
Aurangabad,Delhi,990
Aurangabad,Hyderabad,432
Aurangabad,Mumbai,273
Bagdogra,Bengaluru,1887
Bagdogra,Chennai,1726
Bagdogra,Delhi,1116
Bagdogra,Guwahati,347
Bagdogra,Kolkata,461
Bagdogra,Mumbai,1793
Bagdogra,Patna,342
Belgaum,Bengaluru,461
Belgaum,Hyderabad,455
Belgaum,Mumbai,396
Bengaluru,Calicut,275
Bengaluru,Chennai,291
Bengaluru,Coimbatore,229
Bengaluru,Darbhanga,1699
Bengaluru,Dehradun,1922
Bengaluru,Delhi,1736
Bengaluru,Guwahati,2081
Bengaluru,Gwalior,1465
Bengaluru,Hubli,373
Bengaluru,Hyderabad,494
Bengaluru,Jabalpur,1154
Bengaluru,Jaipur,1554
Bengaluru,Kanpur,1520
Bengaluru,Kochi,366
Bengaluru,Kolkata,1556
Bengaluru,Madurai,342
Bengaluru,Mangalore,298
Bengaluru,Mumbai,842
Bengaluru,Patna,1606
Bengaluru,Pondicherry,270
Bengaluru,Port Blair,1654
Bengaluru,Pune,732
Bengaluru,Rajahmundry,634
Bengaluru,Surat,7774
Bengaluru,Thiruvananthapuram,498
Bengaluru,Tuticorin,465
Bengaluru,Udaipur,1348
Bengaluru,Varanasi,1481
Bengaluru,Vijayawada,509
Bengaluru,Visakhapatnam,807
Bhopal,Chennai,1166
Bhopal,Delhi,598
Bhopal,Hyderabad,662
Bhopal,Jaipur,435
Bhopal,Mumbai,660
Bhopal,Surat,6986
Bhopal,Udaipur,406
Calicut,Chennai,530
Calicut,Hyderabad,737
Calicut,Mumbai,921
Chennai,Coimbatore,427
Chennai,Delhi,1752
Chennai,Goa,711
Chennai,Guwahati,1882
Chennai,Hubli,608
Chennai,Hyderabad,511
Chennai,Jaipur,1600
Chennai,Kochi,559
Chennai,Kolkata,1352
Chennai,Madurai,421
Chennai,Mangalore,589
Chennai,Mumbai,1032
Chennai,Patna,1477
Chennai,Port Blair,1365
Chennai,Pune,913
Chennai,Rajahmundry,463
Chennai,Surat,7974
Chennai,Thiruvananthapuram,622
Chennai,Tuticorin,527
Chennai,Varanasi,1386
Chennai,Vijayawada,381
Chennai,Visakhapatnam,608
Coimbatore,Delhi,1954
Coimbatore,Hyderabad,722
Coimbatore,Mumbai,995
Coimbatore,Patna,1831
Darbhanga,Delhi,917
Darbhanga,Hyderabad,1242
Darbhanga,Mumbai,1558
Dehradun,Delhi,202
Dehradun,Jaipur,436
Dehradun,Jammu,402
Dehradun,Mumbai,1351
Delhi,Goa,1508
Delhi,Guwahati,1462
Delhi,Hyderabad,1257
Delhi,Jabalpur,667
Delhi,Jaipur,237
Delhi,Jammu,505
Delhi,Jodhpur,489
Delhi,Kandla,5313
Delhi,Kanpur,391
Delhi,Kochi,2075
Delhi,Kolkata,1306
Delhi,Leh,612
Delhi,Madurai,2075
Delhi,Mangalore,1765
Delhi,Mumbai,1149
Delhi,Patna,853
Delhi,Port Blair,2478
Delhi,Pune,1173
Delhi,Rajkot,954
Delhi,Srinagar,643
Delhi,Surat,6588
Delhi,Thiruvananthapuram,2228
Delhi,Udaipur,572
Delhi,Varanasi,682
Delhi,Visakhapatnam,1360
Dibrugarh,Guwahati,345
Dibrugarh,Kolkata,858
Goa,Hyderabad,517
Goa,Mumbai,432
Goa,Pune,352
Goa,Surat,7321
Guwahati,Hyderabad,1683
Guwahati,Jaipur,1589
Guwahati,Kolkata,530
Guwahati,Lilabari,262
Guwahati,Mumbai,2091
Guwahati,Patna,667
Guwahati,Silchar,182
Guwahati,Varanasi,882
Gwalior,Hyderabad,980
Gwalior,Jammu,790
Gwalior,Kolkata,1111
Hubli,Hyderabad,420
Hubli,Mumbai,477
Hyderabad,Jabalpur,660
Hyderabad,Jaipur,1093
Hyderabad,Kochi,856
Hyderabad,Kolkata,1182
Hyderabad,Madurai,823
Hyderabad,Mangalore,632
Hyderabad,Mumbai,622
Hyderabad,Patna,1144
Hyderabad,Pondicherry,618
Hyderabad,Pune,506
Hyderabad,Rajahmundry,354
Hyderabad,Surat,7507
Hyderabad,Tirupati,422
Hyderabad,Tuticorin,947
Hyderabad,Varanasi,1000
Hyderabad,Vijayawada,247
Hyderabad,Visakhapatnam,514
Jabalpur,Kolkata,866
Jabalpur,Mumbai,863
Jaipur,Kolkata,1357
Jaipur,Mumbai,919
Jaipur,Patna,940
Jaipur,Pune,951
Jaipur,Surat,6602
Jaipur,Udaipur,336
Jaipur,Varanasi,740
Jammu,Mumbai,1524
Jammu,Srinagar,150
Jodhpur,Mumbai,800
Jodhpur,Pune,865
Kandla,Mumbai,5965
Kanpur,Kolkata,923
Kanpur,Mumbai,1119
Kanpur,Patna,490
Kochi,Kolkata,1900
Kochi,Mumbai,1076
Kochi,Pune,985
Kochi,Thiruvananthapuram,172
Kochi,Tirupati,576
Kolkata,Lilabari,782
Kolkata,Mumbai,1656
Kolkata,Patna,473
Kolkata,Port Blair,1291
Kolkata,Pune,1576
Kolkata,Silchar,515
Kolkata,Srinagar,1839
Kolkata,Surat,7876
Kolkata,Varanasi,626
Kolkata,Visakhapatnam,751
Leh,Srinagar,255
Madurai,Mumbai,1159
Mangalore,Mumbai,718
Mangalore,Pune,634
Mumbai,Leh,1736
Mumbai,Patna,1453
Mumbai,Porbandar,444
Mumbai,Rajkot,418
Mumbai,Srinagar,1673
Mumbai,Surat,6944
Mumbai,Thiruvananthapuram,1247
Mumbai,Udaipur,615
Mumbai,Varanasi,1253
Patna,Pune,1402
Patna,Varanasi,215
Surat,Udaipur,6603
Tirupati,Vijayawada,314
Tirupati,Visakhapatnam,573
Udaipur,Varanasi,945
Varanasi,Jammu,1139
Vijayawada,Visakhapatnam,316
Visakhapatnam,Surat,7853
